,Date,Open,High,Low,Close,Change,Trend,Gap
0,2016-05-02,16614.0,16674.15,16519.55,16543.0,-71.0,Bearish,Null
1,2016-05-03,16570.75,16719.4,16358.4,16388.7,-182.04999999999927,Bearish,U
2,2016-05-04,16320.1,16465.6,16250.5,16274.25,-45.850000000000364,Bearish,D
3,2016-05-05,16292.4,16398.25,16193.7,16281.0,-11.399999999999636,Bearish,U
4,2016-05-06,16264.45,16346.25,16186.25,16296.6,32.149999999999636,Bullish,D
5,2016-05-09,16357.0,16712.9,16357.0,16686.1,329.09999999999854,Bullish,U
6,2016-05-10,16710.05,16812.2,16613.9,16784.95,74.90000000000146,Bullish,U
7,2016-05-11,16544.25,16861.95,16518.75,16754.45,210.20000000000073,Bullish,D
8,2016-05-12,16881.25,16962.0,16779.5,16923.7,42.45000000000073,Bullish,U
9,2016-05-13,16891.7,16891.7,16594.55,16716.9,-174.79999999999927,Bearish,D
10,2016-05-16,16744.15,16780.05,16431.65,16737.55,-6.600000000002183,Bearish,U
11,2016-05-17,16818.4,16903.35,16738.7,16762.75,-55.650000000001455,Bearish,U
12,2016-05-18,16671.7,16759.05,16556.6,16728.95,57.25,Bullish,D
13,2016-05-19,16725.45,16726.15,16535.75,16565.25,-160.20000000000073,Bearish,D
14,2016-05-20,16600.8,16623.2,16455.4,16481.45,-119.34999999999854,Bearish,U
15,2016-05-23,16560.15,16604.15,16368.0,16407.55,-152.60000000000218,Bearish,U
16,2016-05-24,16422.35,16501.05,16368.6,16456.65,34.30000000000291,Bullish,U
17,2016-05-25,16600.65,17025.85,16599.05,16997.45,396.7999999999993,Bullish,U
18,2016-05-26,17037.6,17424.05,16971.35,17359.3,321.7000000000007,Bullish,U
19,2016-05-27,17348.35,17543.3,17327.65,17511.8,163.45000000000073,Bullish,D
20,2016-05-30,17580.85,17666.05,17484.8,17520.65,-60.19999999999709,Bearish,U
21,2016-05-31,17615.1,17648.25,17462.2,17620.9,5.80000000000291,Bullish,U
22,2016-06-01,17670.85,17670.85,17392.85,17423.45,-247.39999999999782,Bearish,U
23,2016-06-02,17405.15,17596.4,17350.45,17567.8,162.64999999999782,Bullish,D
24,2016-06-03,17657.2,17762.05,17649.05,17680.8,23.599999999998545,Bullish,U
25,2016-06-06,17710.45,17754.15,17636.9,17671.4,-39.04999999999927,Bearish,U
26,2016-06-07,17796.55,18000.95,17713.35,17948.15,151.60000000000218,Bullish,U
27,2016-06-08,17976.25,17995.8,17855.2,17946.8,-29.450000000000728,Bearish,U
28,2016-06-09,17955.8,17986.15,17801.55,17887.7,-68.09999999999854,Bearish,U
29,2016-06-10,17830.2,18051.5,17815.25,17828.6,-1.6000000000021828,Bearish,D
30,2016-06-13,17620.55,17666.55,17527.55,17593.95,-26.599999999998545,Bearish,D
31,2016-06-14,17698.95,17719.85,17575.95,17672.4,-26.549999999999272,Bearish,U
32,2016-06-15,17746.05,17943.65,17659.6,17917.9,171.85000000000218,Bullish,U
33,2016-06-16,17827.6,17827.6,17545.8,17671.3,-156.29999999999927,Bearish,D
34,2016-06-17,17772.3,17843.15,17590.75,17696.05,-76.25,Bearish,U
35,2016-06-20,17425.8,17779.0,17425.8,17718.6,292.7999999999993,Bullish,D
36,2016-06-21,17761.65,17763.3,17585.65,17619.1,-142.5500000000029,Bearish,U
37,2016-06-22,17610.1,17755.25,17518.15,17626.05,15.950000000000728,Bullish,D
38,2016-06-23,17630.8,17907.5,17611.0,17892.45,261.65000000000146,Bullish,U
39,2016-06-24,17213.85,17459.2,16946.35,17426.05,212.20000000000073,Bullish,D
40,2016-06-27,17346.3,17611.2,17346.3,17514.95,168.65000000000146,Bullish,D
41,2016-06-28,17497.0,17626.7,17481.5,17561.55,64.54999999999927,Bullish,D
42,2016-06-29,17643.65,17728.95,17580.5,17689.9,46.25,Bullish,U
43,2016-06-30,17825.3,17975.05,17795.9,17935.4,110.10000000000218,Bullish,U
44,2016-07-01,18019.7,18074.95,17955.3,17985.65,-34.04999999999927,Bearish,U
45,2016-07-04,18091.75,18146.35,18054.8,18097.65,5.900000000001455,Bullish,U
46,2016-07-05,18122.4,18124.1,17989.6,18004.25,-118.15000000000146,Bearish,U
47,2016-07-07,18036.3,18146.55,17997.1,18084.9,48.60000000000218,Bullish,U
48,2016-07-08,18078.05,18079.2,17910.9,18016.25,-61.79999999999927,Bearish,D
49,2016-07-11,18268.15,18409.45,18243.3,18390.95,122.79999999999927,Bullish,U
50,2016-07-12,18527.85,18684.45,18464.15,18667.6,139.75,Bullish,U
51,2016-07-13,18704.9,18711.6,18546.25,18618.95,-85.95000000000073,Bearish,U
52,2016-07-14,18633.5,18880.9,18580.2,18863.75,230.25,Bullish,U
53,2016-07-15,18887.9,19016.1,18772.45,18953.65,65.75,Bullish,U
54,2016-07-18,18998.3,19158.0,18885.0,18923.4,-74.89999999999782,Bearish,U
55,2016-07-19,18970.15,19030.05,18833.6,18905.15,-65.0,Bearish,U
56,2016-07-20,18896.8,19016.25,18886.3,18968.2,71.40000000000146,Bullish,D
57,2016-07-21,18967.4,19000.3,18644.55,18674.3,-293.1000000000022,Bearish,D
58,2016-07-22,18697.8,18735.4,18551.3,18690.4,-7.399999999997817,Bearish,U
59,2016-07-25,18594.95,19035.35,18572.1,18989.6,394.6499999999978,Bullish,D
60,2016-07-26,18979.1,19044.45,18814.25,18860.85,-118.25,Bearish,D
61,2016-07-27,18908.45,19125.0,18882.4,19021.95,113.5,Bullish,U
62,2016-07-28,19050.4,19126.75,18998.8,19076.55,26.149999999997817,Bullish,U
63,2016-07-29,19047.05,19070.15,18912.6,18953.15,-93.89999999999782,Bearish,D
64,2016-08-01,18896.5,19078.5,18634.4,18740.6,-155.90000000000146,Bearish,D
65,2016-08-02,18783.6,18866.55,18671.85,18708.25,-75.34999999999854,Bearish,U
66,2016-08-03,18680.95,18775.4,18542.6,18602.0,-78.95000000000073,Bearish,D
67,2016-08-04,18724.9,18724.9,18443.65,18571.7,-153.20000000000073,Bearish,U
68,2016-08-05,18725.2,18943.15,18708.25,18925.95,200.75,Bullish,U
69,2016-08-08,18986.75,19028.7,18896.0,18939.45,-47.29999999999927,Bearish,U
70,2016-08-09,18968.65,19008.15,18838.6,18933.3,-35.35000000000218,Bearish,U
71,2016-08-10,18966.85,18985.25,18611.25,18647.8,-319.0499999999993,Bearish,U
72,2016-08-11,18621.0,18699.2,18537.1,18640.4,19.400000000001455,Bullish,D
73,2016-08-12,18698.3,18986.8,18695.5,18963.7,265.40000000000146,Bullish,U
74,2016-08-16,19029.1,19062.2,18839.4,19002.15,-26.94999999999709,Bearish,U
75,2016-08-17,19044.55,19138.35,18966.35,19041.25,-3.2999999999992724,Bearish,U
76,2016-08-18,19087.2,19367.45,19083.0,19352.8,265.59999999999854,Bullish,U
77,2016-08-19,19419.0,19457.4,19327.2,19414.7,-4.299999999999272,Bearish,U
78,2016-08-22,19432.6,19493.2,19252.75,19330.25,-102.34999999999854,Bearish,U
79,2016-08-23,19311.9,19372.65,19246.9,19341.65,29.75,Bullish,D
80,2016-08-24,19358.7,19392.2,19284.35,19355.6,-3.100000000002183,Bearish,U
81,2016-08-25,19383.7,19432.75,19282.8,19304.25,-79.45000000000073,Bearish,U
82,2016-08-26,19336.45,19358.0,19133.9,19195.75,-140.70000000000073,Bearish,U
83,2016-08-29,19174.45,19247.85,19096.7,19217.0,42.54999999999927,Bullish,D
84,2016-08-30,19306.5,19546.35,19306.5,19531.55,225.04999999999927,Bullish,U
85,2016-08-31,19595.9,19823.4,19595.9,19787.6,191.6999999999971,Bullish,U
86,2016-09-01,19805.8,19928.2,19738.3,19788.85,-16.950000000000728,Bearish,U
87,2016-09-02,19830.35,19911.25,19787.6,19883.2,52.85000000000218,Bullish,U
88,2016-09-06,19990.95,20459.45,19990.95,20426.2,435.25,Bullish,U
89,2016-09-07,20505.8,20575.8,20376.75,20406.9,-98.89999999999782,Bearish,U
90,2016-09-08,20439.2,20477.4,20335.2,20417.25,-21.950000000000728,Bearish,U
91,2016-09-09,20274.75,20349.7,20139.15,20245.3,-29.450000000000728,Bearish,D
92,2016-09-12,19861.45,19861.45,19735.55,19790.6,-70.85000000000218,Bearish,D
93,2016-09-14,19757.05,19953.15,19732.15,19909.15,152.10000000000218,Bullish,D
94,2016-09-15,19927.6,19955.4,19730.25,19837.55,-90.04999999999927,Bearish,U
95,2016-09-16,19935.85,20227.2,19783.6,19855.45,-80.39999999999782,Bearish,U
96,2016-09-19,19892.2,20014.4,19849.65,19906.85,14.649999999997817,Bullish,U
97,2016-09-20,19957.35,19964.3,19797.5,19852.3,-105.04999999999927,Bearish,U
98,2016-09-21,19902.7,19937.85,19749.95,19828.45,-74.25,Bearish,U
99,2016-09-22,20153.1,20264.8,19996.9,20109.6,-43.5,Bearish,U
100,2016-09-23,20136.75,20137.55,19861.45,19901.8,-234.95000000000073,Bearish,U
101,2016-09-26,19792.2,19794.15,19568.35,19591.75,-200.45000000000073,Bearish,D
102,2016-09-27,19652.95,19696.45,19479.15,19518.7,-134.25,Bearish,U
103,2016-09-28,19542.0,19700.0,19509.65,19653.55,111.54999999999927,Bullish,U
104,2016-09-29,19762.3,19793.2,19059.05,19183.65,-578.6499999999978,Bearish,U
105,2016-09-30,19116.0,19330.85,19085.2,19285.7,169.70000000000073,Bullish,D
106,2016-10-03,19395.55,19611.25,19363.95,19589.05,193.5,Bullish,U
107,2016-10-04,19641.75,19747.45,19527.35,19672.7,30.950000000000728,Bullish,U
108,2016-10-05,19801.3,19816.5,19492.8,19536.85,-264.4500000000007,Bearish,U
109,2016-10-06,19518.55,19570.7,19325.8,19395.05,-123.5,Bearish,D
110,2016-10-07,19398.05,19456.0,19318.0,19400.1,2.0499999999992724,Bullish,U
111,2016-10-10,19489.5,19501.45,19351.35,19378.55,-110.95000000000073,Bearish,U
112,2016-10-13,19295.55,19295.55,18824.4,18954.25,-341.2999999999993,Bearish,D
113,2016-10-14,19016.7,19053.5,18926.15,19020.15,3.4500000000007276,Bullish,U
114,2016-10-17,19136.3,19241.75,19002.45,19070.4,-65.89999999999782,Bearish,U
115,2016-10-18,19174.7,19511.8,19162.85,19495.05,320.34999999999854,Bullish,U
116,2016-10-19,19570.05,19576.3,19322.75,19412.1,-157.95000000000073,Bearish,U
117,2016-10-20,19493.9,19722.85,19479.25,19658.7,164.79999999999927,Bullish,U
118,2016-10-21,19636.4,19744.0,19516.4,19710.9,74.5,Bullish,D
119,2016-10-24,19763.85,19897.85,19751.65,19807.9,44.05000000000291,Bullish,U
120,2016-10-25,19907.7,19922.7,19711.95,19834.9,-72.79999999999927,Bearish,U
121,2016-10-26,19581.7,19725.9,19434.5,19483.6,-98.10000000000218,Bearish,D
122,2016-10-27,19452.0,19544.2,19252.1,19514.6,62.599999999998545,Bullish,D
123,2016-10-28,19507.85,19589.7,19362.0,19555.95,48.10000000000218,Bullish,D
124,2016-10-30,19657.8,19666.8,19484.65,19523.55,-134.25,Bearish,U
125,2016-11-01,19578.6,19591.65,19417.3,19458.6,-120.0,Bearish,U
126,2016-11-02,19223.5,19296.55,19158.75,19227.9,4.400000000001455,Bullish,D
127,2016-11-03,19201.95,19319.65,19119.3,19178.7,-23.25,Bearish,D
128,2016-11-04,19223.85,19223.9,18961.15,19058.1,-165.75,Bearish,U
129,2016-11-07,19317.85,19378.0,19233.0,19356.0,38.150000000001455,Bullish,U
130,2016-11-08,19490.75,19549.45,19322.15,19500.8,10.049999999999272,Bullish,U
131,2016-11-09,18270.9,19587.8,18143.7,19518.25,1247.3499999999985,Bullish,D
132,2016-11-10,19827.5,20283.15,19787.45,20200.25,372.75,Bullish,U
133,2016-11-11,20033.85,20309.65,19704.35,19738.8,-295.0499999999993,Bearish,D
134,2016-11-15,19808.35,19861.75,19240.45,19289.75,-518.5999999999985,Bearish,U
135,2016-11-16,19591.25,19611.9,19088.4,19108.1,-483.15000000000146,Bearish,U
136,2016-11-17,19115.9,19328.75,19009.85,19087.85,-28.05000000000291,Bearish,U
137,2016-11-18,19180.3,19216.35,18897.1,18959.05,-221.25,Bearish,U
138,2016-11-21,19063.8,19075.95,18351.25,18446.4,-617.3999999999978,Bearish,U
139,2016-11-22,18626.7,18650.5,18322.7,18548.65,-78.04999999999927,Bearish,U
140,2016-11-23,18660.55,18669.05,18449.7,18540.9,-119.64999999999782,Bearish,U
141,2016-11-24,18476.0,18476.35,18215.8,18256.1,-219.90000000000146,Bearish,D
142,2016-11-25,18377.55,18546.35,18266.6,18507.3,129.75,Bullish,U
143,2016-11-28,18237.2,18471.65,18187.4,18301.45,64.25,Bullish,D
144,2016-11-29,18308.8,18427.4,18188.7,18223.75,-85.04999999999927,Bearish,U
145,2016-11-30,18306.1,18667.85,18262.5,18627.8,321.7000000000007,Bullish,U
146,2016-12-01,18676.75,18713.1,18389.65,18428.45,-248.29999999999927,Bearish,U
147,2016-12-02,18329.4,18490.5,18163.8,18247.65,-81.75,Bearish,D
148,2016-12-05,18245.0,18434.25,18189.5,18408.9,163.90000000000146,Bullish,D
149,2016-12-06,18459.7,18499.75,18365.95,18420.9,-38.79999999999927,Bearish,U
150,2016-12-07,18515.5,18588.75,17952.6,18234.15,-281.34999999999854,Bearish,U
151,2016-12-08,18342.6,18558.75,18336.95,18515.45,172.85000000000218,Bullish,U
152,2016-12-09,18567.95,18739.65,18432.3,18695.8,127.84999999999854,Bullish,U
153,2016-12-12,18616.05,18616.05,18364.05,18392.95,-223.09999999999854,Bearish,D
154,2016-12-13,18354.1,18492.85,18291.35,18466.05,111.95000000000073,Bullish,D
155,2016-12-14,18480.35,18485.45,18322.9,18341.5,-138.84999999999854,Bearish,U
156,2016-12-15,18143.5,18532.0,18122.1,18401.15,257.65000000000146,Bullish,D
157,2016-12-16,18417.9,18428.45,18268.3,18312.8,-105.10000000000218,Bearish,U
158,2016-12-19,18258.1,18316.8,18215.5,18257.05,-1.0499999999992724,Bearish,D
159,2016-12-20,18264.1,18274.9,18009.8,18069.4,-194.6999999999971,Bearish,U
160,2016-12-21,18124.6,18167.15,18043.95,18084.5,-40.099999999998545,Bearish,U
161,2016-12-22,18027.0,18029.6,17839.75,17891.45,-135.54999999999927,Bearish,D
162,2016-12-23,17849.25,17962.3,17819.75,17884.0,34.75,Bullish,D
163,2016-12-26,17825.5,17860.85,17606.9,17655.55,-169.95000000000073,Bearish,D
164,2016-12-27,17677.7,17907.35,17616.1,17879.55,201.84999999999854,Bullish,U
165,2016-12-28,17929.2,18059.65,17829.15,17876.7,-52.5,Bearish,U
166,2016-12-29,17861.45,18053.3,17829.4,18033.15,171.70000000000073,Bullish,D
167,2016-12-30,18026.35,18245.75,18016.8,18177.2,150.85000000000218,Bullish,D
168,2017-01-02,18242.3,18249.0,17844.9,17969.6,-272.7000000000007,Bearish,U
169,2017-01-03,18002.75,18115.05,17830.95,18035.6,32.849999999998545,Bullish,U
170,2017-01-04,18037.45,18092.85,17868.9,17891.0,-146.45000000000073,Bearish,U
171,2017-01-05,18000.75,18164.05,17977.8,18115.95,115.20000000000073,Bullish,U
172,2017-01-06,18168.45,18325.5,18157.3,18264.0,95.54999999999927,Bullish,U
173,2017-01-09,18314.25,18373.1,18256.15,18286.65,-27.599999999998545,Bearish,U
174,2017-01-10,18351.45,18441.15,18275.75,18409.6,58.14999999999782,Bullish,U
175,2017-01-11,18535.35,18889.45,18515.25,18830.0,294.65000000000146,Bullish,U
176,2017-01-12,18885.45,18966.3,18805.85,18873.95,-11.5,Bearish,U
177,2017-01-13,18949.7,18952.25,18781.25,18912.1,-37.60000000000218,Bearish,U
178,2017-01-16,18899.7,19134.5,18865.25,19096.45,196.75,Bullish,D
179,2017-01-17,19128.15,19202.25,18981.85,19067.05,-61.10000000000218,Bearish,U
180,2017-01-18,19074.85,19276.5,19072.1,19164.5,89.65000000000146,Bullish,U
181,2017-01-19,19165.35,19185.3,19046.1,19124.25,-41.099999999998545,Bearish,U
182,2017-01-20,18996.6,19071.65,18793.05,18820.8,-175.79999999999927,Bearish,D
183,2017-01-23,18762.0,18909.65,18722.85,18842.7,80.70000000000073,Bullish,D
184,2017-01-24,18931.0,19054.3,18906.95,19023.5,92.5,Bullish,U
185,2017-01-25,19120.05,19518.45,19114.15,19473.2,353.15000000000146,Bullish,U
186,2017-01-27,19588.4,19794.95,19534.9,19708.3,119.89999999999782,Bullish,U
187,2017-01-30,19718.8,19767.05,19561.1,19585.25,-133.54999999999927,Bearish,U
188,2017-01-31,19533.2,19624.1,19435.45,19515.15,-18.049999999999272,Bearish,D
189,2017-02-01,19522.4,20047.85,19470.95,20020.6,498.1999999999971,Bullish,U
190,2017-02-02,20053.95,20146.9,19915.2,20070.3,16.349999999998545,Bullish,U
191,2017-02-03,20061.9,20229.65,20009.95,20196.8,134.89999999999782,Bullish,D
192,2017-02-06,20307.15,20462.45,20298.05,20371.6,64.44999999999709,Bullish,U
193,2017-02-07,20367.3,20426.95,20281.5,20327.25,-40.04999999999927,Bearish,D
194,2017-02-08,20335.25,20362.8,20070.15,20245.4,-89.84999999999854,Bearish,U
195,2017-02-09,20312.65,20406.6,20000.35,20151.15,-161.5,Bearish,U
196,2017-02-10,20225.75,20310.0,20167.1,20213.9,-11.849999999998545,Bearish,U
197,2017-02-13,20273.65,20308.7,20116.9,20251.8,-21.850000000002183,Bearish,U
198,2017-02-14,20304.5,20314.05,20158.85,20258.1,-46.400000000001455,Bearish,U
199,2017-02-15,20282.1,20368.2,20115.85,20163.7,-118.39999999999782,Bearish,U
200,2017-02-16,20243.25,20295.55,20088.2,20243.7,0.4500000000007276,Bullish,U
201,2017-02-17,20918.45,21042.35,20449.65,20551.35,-367.1000000000022,Bearish,U
202,2017-02-20,20494.85,20702.6,20472.4,20677.1,182.25,Bullish,D
203,2017-02-21,20695.9,20903.35,20619.25,20860.95,165.04999999999927,Bullish,U
204,2017-02-22,20937.6,20958.25,20829.65,20868.45,-69.14999999999782,Bearish,U
205,2017-02-23,20887.65,21011.9,20828.4,20876.65,-11.0,Bearish,U
206,2017-02-27,20853.45,20853.45,20584.75,20613.05,-240.40000000000146,Bearish,D
207,2017-02-28,20632.85,20681.3,20560.6,20607.25,-25.599999999998545,Bearish,U
208,2017-03-01,20698.9,20833.75,20678.75,20783.75,84.84999999999854,Bullish,U
209,2017-03-02,20885.0,20905.0,20516.9,20560.05,-324.9500000000007,Bearish,U
210,2017-03-03,20572.85,20580.45,20423.35,20495.6,-77.25,Bearish,U
211,2017-03-06,20548.95,20727.5,20532.2,20663.65,114.70000000000073,Bullish,U
212,2017-03-07,20685.95,20701.25,20585.95,20627.5,-58.45000000000073,Bearish,U
213,2017-03-08,20630.15,20715.2,20534.25,20676.55,46.39999999999782,Bullish,U
214,2017-03-09,20620.55,20780.25,20603.9,20721.35,100.79999999999927,Bullish,D
215,2017-03-10,20825.9,20876.95,20648.8,20727.55,-98.35000000000218,Bearish,U
216,2017-03-14,21189.85,21274.45,21059.7,21102.7,-87.14999999999782,Bearish,U
217,2017-03-15,21089.4,21216.9,21063.95,21157.9,68.5,Bullish,D
218,2017-03-16,21237.5,21289.8,21194.25,21249.9,12.400000000001455,Bullish,U
219,2017-03-17,21308.45,21336.05,21127.95,21175.05,-133.40000000000146,Bearish,U
220,2017-03-20,21202.55,21202.55,21084.8,21110.25,-92.29999999999927,Bearish,U
221,2017-03-21,21110.65,21146.5,20967.0,21019.0,-91.65000000000146,Bearish,U
222,2017-03-22,20815.35,20899.0,20753.9,20781.35,-34.0,Bearish,D
223,2017-03-23,20848.75,20934.75,20775.35,20895.5,46.75,Bullish,U
224,2017-03-24,20987.6,21174.1,20929.15,21122.55,134.95000000000073,Bullish,U
225,2017-03-27,21178.1,21179.2,20979.55,21056.9,-121.19999999999709,Bearish,U
226,2017-03-28,21229.0,21264.95,21145.0,21225.4,-3.599999999998545,Bearish,U
227,2017-03-29,21291.45,21418.6,21255.75,21391.15,99.70000000000073,Bullish,U
228,2017-03-30,21374.35,21696.0,21331.9,21620.7,246.35000000000218,Bullish,D
229,2017-03-31,21551.85,21574.15,21414.0,21444.15,-107.69999999999709,Bearish,D
230,2017-04-03,21539.2,21565.45,21408.6,21547.75,8.549999999999272,Bullish,U
231,2017-04-05,21602.2,21699.3,21499.75,21652.7,50.5,Bullish,U
232,2017-04-06,21572.7,21674.0,21488.9,21622.95,50.25,Bullish,D
233,2017-04-07,21536.5,21616.85,21397.0,21431.15,-105.34999999999854,Bearish,D
234,2017-04-10,21492.05,21552.1,21396.05,21520.15,28.100000000002183,Bullish,U
235,2017-04-11,21521.45,21753.35,21483.55,21736.15,214.70000000000073,Bullish,U
236,2017-04-12,21735.65,21787.1,21551.75,21666.8,-68.85000000000218,Bearish,D
237,2017-04-13,21651.25,21758.85,21627.0,21686.6,35.349999999998545,Bullish,D
238,2017-04-17,21700.5,21743.3,21576.75,21647.6,-52.900000000001455,Bearish,U
239,2017-04-18,21706.05,21947.0,21634.15,21671.85,-34.20000000000073,Bearish,U
240,2017-04-19,21674.1,21706.3,21470.2,21556.35,-117.75,Bearish,U
241,2017-04-20,21419.45,21558.85,21396.0,21491.4,71.95000000000073,Bullish,D
242,2017-04-21,21567.5,21614.55,21386.2,21551.45,-16.049999999999272,Bearish,U
243,2017-04-24,21591.9,21884.85,21578.65,21857.4,265.5,Bullish,U
244,2017-04-25,21960.65,22093.25,21900.3,22054.7,94.04999999999927,Bullish,U
245,2017-04-26,22158.65,22276.05,21814.9,22242.85,84.19999999999709,Bullish,U
246,2017-04-27,22274.05,22380.85,22169.8,22326.3,52.25,Bullish,U
247,2017-04-28,22296.8,22383.0,22182.55,22358.25,61.45000000000073,Bullish,D
248,2017-05-02,22412.55,22492.15,22266.15,22341.35,-71.20000000000073,Bearish,U
249,2017-05-03,22445.85,22449.0,22240.05,22307.3,-138.54999999999927,Bearish,U
250,2017-05-04,22618.3,22743.7,22449.9,22720.1,101.79999999999927,Bullish,U
251,2017-05-05,22844.85,22853.55,22514.0,22604.95,-239.89999999999782,Bearish,U
252,2017-05-08,22678.45,22835.15,22632.5,22767.35,88.89999999999782,Bullish,U
253,2017-05-09,22820.8,22835.35,22664.35,22707.3,-113.5,Bearish,U
254,2017-05-10,22767.75,22859.4,22742.05,22830.35,62.599999999998545,Bullish,U
255,2017-05-11,22916.05,22977.85,22764.65,22818.45,-97.59999999999854,Bearish,U
256,2017-05-12,22840.4,22859.15,22578.0,22671.7,-168.70000000000073,Bearish,U
257,2017-05-15,22735.85,22891.7,22730.35,22821.5,85.65000000000146,Bullish,U
258,2017-05-16,22857.6,22944.1,22727.65,22928.6,71.0,Bullish,U
259,2017-05-17,22972.35,22978.15,22830.1,22935.95,-36.39999999999782,Bearish,U
260,2017-05-18,22750.45,22834.55,22660.2,22698.6,-51.85000000000218,Bearish,D
261,2017-05-19,22761.95,22902.25,22628.45,22769.8,7.849999999998545,Bullish,U
262,2017-05-22,22874.8,22918.35,22637.75,22652.85,-221.95000000000073,Bearish,U
263,2017-05-23,22674.9,22740.4,22492.2,22582.8,-92.10000000000218,Bearish,U
264,2017-05-24,22624.5,22673.4,22469.8,22536.3,-88.20000000000073,Bearish,U
265,2017-05-25,22573.65,23267.8,22570.35,23190.8,617.1499999999978,Bullish,U
266,2017-05-26,23151.4,23408.35,23092.35,23362.2,210.79999999999927,Bullish,D
267,2017-05-29,23310.6,23464.0,23141.15,23182.75,-127.84999999999854,Bearish,D
268,2017-05-30,23142.1,23337.15,23093.95,23307.25,165.15000000000146,Bullish,D
269,2017-05-31,23321.2,23469.45,23248.5,23424.8,103.59999999999854,Bullish,U
270,2017-06-01,23394.1,23396.15,23224.05,23310.15,-83.94999999999709,Bearish,D
271,2017-06-02,23435.2,23453.3,23308.4,23375.9,-59.29999999999927,Bearish,U
272,2017-06-05,23397.4,23494.7,23349.95,23459.65,62.25,Bullish,U
273,2017-06-06,23523.05,23536.1,23381.7,23416.3,-106.75,Bearish,U
274,2017-06-07,23482.85,23606.15,23427.55,23567.65,84.80000000000291,Bullish,U
275,2017-06-08,23630.35,23659.1,23514.2,23536.1,-94.25,Bearish,U
276,2017-06-09,23483.95,23708.65,23476.85,23690.9,206.95000000000073,Bullish,D
277,2017-06-12,23610.15,23630.1,23441.8,23470.45,-139.70000000000073,Bearish,D
278,2017-06-13,23447.0,23615.2,23446.9,23477.85,30.849999999998545,Bullish,D
279,2017-06-14,23555.3,23562.8,23399.4,23498.7,-56.599999999998545,Bearish,U
280,2017-06-15,23444.7,23473.3,23311.85,23391.75,-52.95000000000073,Bearish,D
281,2017-06-16,23448.6,23527.65,23391.0,23502.75,54.150000000001455,Bullish,U
282,2017-06-19,23571.35,23806.65,23535.7,23742.15,170.8000000000029,Bullish,U
283,2017-06-20,23720.6,23760.35,23651.2,23697.95,-22.649999999997817,Bearish,D
284,2017-06-21,23638.15,23760.75,23610.2,23708.75,70.59999999999854,Bullish,D
285,2017-06-22,23716.85,23897.85,23694.15,23736.1,19.25,Bullish,U
286,2017-06-23,23772.3,23786.5,23507.5,23542.75,-229.54999999999927,Bearish,U
287,2017-06-27,23636.95,23640.1,23055.75,23216.25,-420.7000000000007,Bearish,U
288,2017-06-28,23209.55,23322.55,23113.65,23235.85,26.299999999999272,Bullish,D
289,2017-06-29,23312.4,23476.0,23124.35,23227.3,-85.10000000000218,Bearish,U
290,2017-06-30,23137.25,23254.1,22996.4,23211.2,73.95000000000073,Bullish,D
291,2017-07-03,23240.35,23330.1,23144.3,23272.8,32.45000000000073,Bullish,U
292,2017-07-04,23325.5,23363.05,23163.7,23214.2,-111.29999999999927,Bearish,U
293,2017-07-05,23241.9,23380.35,23205.55,23352.6,110.69999999999709,Bullish,U
294,2017-07-06,23399.5,23540.15,23369.5,23466.65,67.15000000000146,Bullish,U
295,2017-07-07,23463.75,23492.6,23400.6,23449.15,-14.599999999998545,Bearish,D
296,2017-07-10,23583.25,23964.8,23289.9,23675.05,91.79999999999927,Bullish,U
297,2017-07-11,23744.55,23744.55,23552.6,23584.6,-159.95000000000073,Bearish,U
298,2017-07-12,23623.75,23736.55,23523.65,23695.45,71.70000000000073,Bullish,U
299,2017-07-13,23817.25,23938.0,23811.0,23888.65,71.40000000000146,Bullish,U
300,2017-07-14,23949.5,23963.65,23755.95,23937.7,-11.799999999999272,Bearish,U
301,2017-07-17,24011.4,24066.1,23913.65,24015.05,3.649999999997817,Bullish,U
302,2017-07-18,23958.15,24147.45,23942.1,24022.05,63.89999999999782,Bullish,D
303,2017-07-19,24069.2,24180.75,24053.7,24152.65,83.45000000000073,Bullish,U
304,2017-07-20,24170.65,24299.6,24170.65,24213.35,42.69999999999709,Bullish,U
305,2017-07-21,24231.4,24289.3,24066.9,24257.05,25.649999999997817,Bullish,U
306,2017-07-24,24307.7,24460.55,24234.65,24420.85,113.14999999999782,Bullish,U
307,2017-07-25,24622.9,24624.65,24450.2,24520.7,-102.20000000000073,Bearish,U
308,2017-07-26,24578.15,24720.9,24484.9,24670.7,92.54999999999927,Bullish,U
309,2017-07-27,24857.5,25032.25,24799.4,24922.4,64.90000000000146,Bullish,U
310,2017-07-28,24744.55,24859.75,24651.05,24811.3,66.75,Bullish,D
311,2017-07-31,24880.6,25168.1,24828.5,25103.65,223.0500000000029,Bullish,U
312,2017-08-01,25152.85,25179.5,25000.9,25122.8,-30.049999999999272,Bearish,U
313,2017-08-02,25190.4,25198.8,24926.25,25055.2,-135.20000000000073,Bearish,U
314,2017-08-03,25002.85,25005.15,24619.6,24675.05,-327.7999999999993,Bearish,D
315,2017-08-04,24629.5,24879.7,24591.8,24827.45,197.95000000000073,Bullish,D
316,2017-08-07,24854.15,24979.35,24844.45,24906.35,52.19999999999709,Bullish,U
317,2017-08-08,24942.2,24966.05,24534.35,24599.5,-342.7000000000007,Bearish,U
318,2017-08-09,24519.25,24532.4,24328.1,24374.6,-144.65000000000146,Bearish,D
319,2017-08-10,24300.45,24326.9,23822.2,24217.35,-83.10000000000218,Bearish,D
320,2017-08-11,23958.25,24191.2,23868.3,23985.75,27.5,Bullish,D
321,2017-08-14,24051.05,24212.15,24038.15,24115.75,64.70000000000073,Bullish,U
322,2017-08-16,24188.75,24461.2,23947.45,24437.7,248.95000000000073,Bullish,U
323,2017-08-17,24495.2,24496.2,24121.55,24237.25,-257.9500000000007,Bearish,U
324,2017-08-18,24125.3,24130.15,23925.95,24074.45,-50.849999999998545,Bearish,D
325,2017-08-21,24140.55,24258.95,23882.25,23936.5,-204.04999999999927,Bearish,U
326,2017-08-22,24080.6,24127.45,23852.65,23974.45,-106.14999999999782,Bearish,U
327,2017-08-23,24084.95,24350.0,24074.15,24316.8,231.84999999999854,Bullish,U
328,2017-08-24,24374.75,24411.05,24224.85,24274.2,-100.54999999999927,Bearish,U
329,2017-08-28,24351.25,24422.45,24301.35,24377.1,25.849999999998545,Bullish,U
330,2017-08-29,24302.0,24320.95,24103.3,24128.95,-173.04999999999927,Bearish,D
331,2017-08-30,24253.05,24384.1,24241.3,24308.7,55.650000000001455,Bullish,U
332,2017-08-31,24354.35,24354.35,24207.7,24318.4,-35.94999999999709,Bearish,U
333,2017-09-01,24389.2,24494.35,24319.2,24434.0,44.79999999999927,Bullish,U
334,2017-09-04,24456.3,24459.35,24156.4,24236.85,-219.45000000000073,Bearish,U
335,2017-09-05,24272.6,24388.05,24256.3,24328.3,55.70000000000073,Bullish,U
336,2017-09-06,24192.4,24331.3,24151.1,24279.15,86.75,Bullish,D
337,2017-09-07,24324.85,24413.1,24246.9,24304.9,-19.94999999999709,Bearish,U
338,2017-09-08,24409.5,24419.25,24273.0,24370.8,-38.70000000000073,Bearish,U
339,2017-09-11,24468.5,24735.35,24458.25,24672.25,203.75,Bullish,U
340,2017-09-12,24779.15,24821.35,24653.6,24784.7,5.549999999999272,Bullish,U
341,2017-09-13,24818.35,24948.8,24737.8,24831.8,13.450000000000728,Bullish,U
342,2017-09-14,24857.25,24994.3,24815.5,24912.25,55.0,Bullish,U
343,2017-09-15,24840.3,24916.85,24791.55,24844.3,4.0,Bullish,D
344,2017-09-18,24948.15,25105.35,24941.75,25046.9,98.75,Bullish,U
345,2017-09-19,25059.75,25103.45,24993.0,25041.55,-18.200000000000728,Bearish,U
346,2017-09-20,24984.65,25052.6,24938.3,24965.05,-19.600000000002183,Bearish,D
347,2017-09-21,24934.1,24992.5,24706.45,24799.25,-134.84999999999854,Bearish,D
348,2017-09-22,24704.55,24709.7,24340.0,24368.85,-335.7000000000007,Bearish,D
349,2017-09-25,24361.55,24363.8,24015.45,24165.05,-196.5,Bearish,D
350,2017-09-26,24105.6,24236.95,24017.4,24199.15,93.55000000000291,Bullish,D
351,2017-09-27,24308.7,24331.85,23766.6,23812.95,-495.75,Bearish,U
352,2017-09-28,23804.05,24074.2,23611.1,24008.15,204.10000000000218,Bullish,D
353,2017-09-29,24114.0,24227.45,24004.8,24053.0,-61.0,Bearish,U
354,2017-10-03,24200.6,24226.8,24007.25,24103.4,-97.19999999999709,Bearish,U
355,2017-10-04,24124.15,24230.45,24058.65,24113.3,-10.850000000002183,Bearish,U
356,2017-10-05,24114.75,24188.3,24033.35,24058.05,-56.70000000000073,Bearish,U
357,2017-10-06,24083.55,24242.05,24074.35,24190.0,106.45000000000073,Bullish,U
358,2017-10-09,24209.55,24311.1,24156.05,24251.9,42.35000000000218,Bullish,U
359,2017-10-10,24304.8,24379.75,24273.65,24347.45,42.650000000001455,Bullish,U
360,2017-10-11,24411.45,24460.25,24054.25,24107.45,-304.0,Bearish,U
361,2017-10-12,24151.45,24393.4,23978.4,24361.25,209.79999999999927,Bullish,U
362,2017-10-13,24411.1,24779.75,24387.8,24689.15,278.0500000000029,Bullish,U
363,2017-10-16,24815.4,24878.65,24516.55,24703.05,-112.35000000000218,Bearish,U
364,2017-10-17,24697.25,24809.15,24571.85,24645.6,-51.650000000001455,Bearish,D
365,2017-10-18,24354.75,24454.65,24270.05,24313.75,-41.0,Bearish,D
366,2017-10-19,24238.4,24255.3,23923.7,24009.75,-228.65000000000146,Bearish,D
367,2017-10-23,24085.45,24151.0,23912.55,24088.9,3.4500000000007276,Bullish,U
368,2017-10-24,24141.95,24293.25,24032.65,24222.15,80.20000000000073,Bullish,U
369,2017-10-25,24980.65,25157.8,24560.75,25035.9,55.25,Bullish,U
370,2017-10-26,24953.95,25186.05,24864.6,25022.2,68.25,Bullish,D
371,2017-10-27,24887.6,24995.7,24798.65,24839.55,-48.04999999999927,Bearish,D
372,2017-10-30,24873.65,25064.85,24808.55,24988.55,114.89999999999782,Bullish,U
373,2017-10-31,25042.1,25078.65,24948.1,25019.35,-22.75,Bearish,U
374,2017-11-01,25197.3,25549.35,25171.75,25490.45,293.15000000000146,Bullish,U
375,2017-11-02,25508.4,25598.75,25405.5,25427.3,-81.10000000000218,Bearish,U
376,2017-11-03,25531.4,25695.5,25394.95,25650.7,119.29999999999927,Bullish,U
377,2017-11-06,25569.0,25694.6,25529.5,25571.15,2.150000000001455,Bullish,D
378,2017-11-07,25669.1,25695.75,25248.95,25300.8,-368.2999999999993,Bearish,U
379,2017-11-08,25375.8,25435.6,25119.5,25184.35,-191.45000000000073,Bearish,U
380,2017-11-09,25281.0,25385.2,25166.15,25291.35,10.349999999998545,Bullish,U
381,2017-11-10,25250.9,25598.55,25237.2,25498.95,248.04999999999927,Bullish,D
382,2017-11-13,25570.25,25611.55,25337.25,25358.3,-211.95000000000073,Bearish,U
383,2017-11-14,25352.55,25404.8,25223.1,25284.6,-67.95000000000073,Bearish,D
384,2017-11-15,25241.65,25318.05,25166.35,25218.9,-22.75,Bearish,D
385,2017-11-16,25292.9,25496.05,25273.7,25446.6,153.6999999999971,Bullish,U
386,2017-11-17,25875.7,25924.9,25679.55,25728.4,-147.29999999999927,Bearish,U
387,2017-11-20,25733.7,25803.15,25681.7,25768.6,34.89999999999782,Bullish,U
388,2017-11-21,25829.3,25871.1,25726.5,25757.5,-71.79999999999927,Bearish,U
389,2017-11-22,25805.65,25831.95,25665.85,25766.65,-39.0,Bearish,U
390,2017-11-23,25826.3,25838.55,25620.95,25736.25,-90.04999999999927,Bearish,U
391,2017-11-24,25776.6,25849.0,25749.1,25779.65,3.0500000000029104,Bullish,U
392,2017-11-27,25693.05,25931.85,25673.5,25891.95,198.90000000000146,Bullish,D
393,2017-11-28,25830.45,25953.5,25795.5,25846.4,15.950000000000728,Bullish,D
394,2017-11-29,25829.65,25877.75,25746.8,25795.7,-33.95000000000073,Bearish,D
395,2017-11-30,25693.8,25700.85,25246.85,25332.4,-361.3999999999978,Bearish,D
396,2017-12-01,25409.55,25441.35,25152.65,25191.95,-217.59999999999854,Bearish,U
397,2017-12-04,25295.05,25297.2,24993.35,25075.1,-219.95000000000073,Bearish,U
398,2017-12-05,25030.75,25217.7,24921.3,25124.85,94.09999999999854,Bullish,D
399,2017-12-06,25066.3,25077.45,24813.6,24851.8,-214.5,Bearish,D
400,2017-12-07,24935.3,25097.4,24875.35,25057.25,121.95000000000073,Bullish,U
401,2017-12-08,25145.5,25367.7,25145.5,25321.15,175.65000000000146,Bullish,U
402,2017-12-11,25434.75,25448.85,25318.7,25404.85,-29.900000000001455,Bearish,U
403,2017-12-12,25413.4,25416.2,25108.6,25125.45,-287.9500000000007,Bearish,U
404,2017-12-13,25118.2,25270.75,24938.55,25000.35,-117.85000000000218,Bearish,D
405,2017-12-14,25062.4,25205.9,24888.65,25168.2,105.79999999999927,Bullish,U
406,2017-12-15,25487.15,25559.05,25411.25,25440.3,-46.85000000000218,Bearish,U
407,2017-12-18,25181.75,25759.9,24617.15,25594.55,412.7999999999993,Bullish,D
408,2017-12-19,25640.9,25757.95,25619.6,25716.2,75.29999999999927,Bullish,U
409,2017-12-20,25779.05,25780.05,25566.05,25591.7,-187.34999999999854,Bearish,U
410,2017-12-21,25608.25,25629.95,25508.9,25554.3,-53.95000000000073,Bearish,U
411,2017-12-22,25615.6,25694.5,25560.5,25648.55,32.95000000000073,Bullish,U
412,2017-12-26,25659.75,25712.95,25545.6,25675.25,15.5,Bullish,U
413,2017-12-27,25652.85,25733.2,25429.55,25496.05,-156.79999999999927,Bearish,D
414,2017-12-28,25463.6,25561.95,25417.4,25490.0,26.400000000001455,Bullish,D
415,2017-12-29,25484.85,25566.4,25450.25,25539.45,54.60000000000218,Bullish,D
416,2018-01-01,25565.75,25588.0,25271.55,25318.1,-247.65000000000146,Bearish,U
417,2018-01-02,25382.2,25425.5,25232.8,25338.25,-43.95000000000073,Bearish,U
418,2018-01-03,25425.75,25454.9,25300.9,25318.6,-107.15000000000146,Bearish,U
419,2018-01-04,25367.65,25490.35,25310.3,25462.6,94.94999999999709,Bullish,U
420,2018-01-05,25524.45,25643.35,25499.55,25601.85,77.39999999999782,Bullish,U
421,2018-01-08,25690.25,25771.5,25643.8,25676.1,-14.150000000001455,Bearish,U
422,2018-01-09,25727.95,25803.8,25617.25,25703.8,-24.150000000001455,Bearish,U
423,2018-01-10,25709.9,25717.6,25527.5,25617.3,-92.60000000000218,Bearish,U
424,2018-01-11,25628.2,25694.65,25532.25,25660.9,32.70000000000073,Bullish,U
425,2018-01-12,25732.4,25775.15,25557.6,25749.05,16.649999999997817,Bullish,U
426,2018-01-15,25858.15,26091.8,25842.95,26069.2,211.04999999999927,Bullish,U
427,2018-01-16,26129.15,26136.4,25931.7,25974.9,-154.25,Bearish,U
428,2018-01-17,25946.15,26335.85,25922.3,26289.1,342.9499999999971,Bullish,D
429,2018-01-18,26762.25,26887.65,26423.75,26537.4,-224.84999999999854,Bearish,U
430,2018-01-19,26615.65,26957.85,26433.55,26909.5,293.84999999999854,Bullish,U
431,2018-01-22,26940.5,27074.9,26841.2,27041.2,100.70000000000073,Bullish,U
432,2018-01-23,27089.95,27422.05,27066.15,27390.6,300.6499999999978,Bullish,U
433,2018-01-24,27310.15,27479.25,27219.45,27398.55,88.39999999999782,Bullish,D
434,2018-01-25,27414.1,27522.85,27151.75,27445.65,31.55000000000291,Bullish,U
435,2018-01-29,27446.1,27652.05,27407.4,27498.45,52.35000000000218,Bullish,U
436,2018-01-30,27466.85,27470.25,27242.05,27269.05,-197.79999999999927,Bearish,D
437,2018-01-31,27136.25,27455.75,27116.95,27379.45,243.20000000000073,Bullish,D
438,2018-02-01,27334.85,27613.5,27046.35,27220.7,-114.14999999999782,Bearish,D
439,2018-02-02,27017.4,27017.55,26364.05,26451.15,-566.25,Bearish,D
440,2018-02-05,25968.15,26215.1,25917.55,26098.75,130.59999999999854,Bullish,D
441,2018-02-06,25140.1,26140.6,25023.85,25811.3,671.2000000000007,Bullish,D
442,2018-02-07,26065.4,26078.4,25558.05,25670.0,-395.40000000000146,Bearish,U
443,2018-02-08,25759.85,26126.4,25637.4,25920.65,160.8000000000029,Bullish,U
444,2018-02-09,25466.3,25598.3,25371.0,25463.65,-2.649999999997817,Bearish,D
445,2018-02-12,25530.1,25757.85,25485.4,25701.6,171.5,Bullish,U
446,2018-02-14,25810.25,25810.25,25212.35,25341.25,-469.0,Bearish,U
447,2018-02-15,25360.9,25615.15,25295.15,25424.35,63.44999999999709,Bullish,U
448,2018-02-16,25511.95,25601.0,25100.9,25163.9,-348.0499999999993,Bearish,U
449,2018-02-19,25324.6,25326.05,24824.55,25058.55,-266.0499999999993,Bearish,U
450,2018-02-20,25105.55,25158.1,24829.0,24874.4,-231.14999999999782,Bearish,U
451,2018-02-21,24996.6,24999.7,24796.35,24936.7,-59.89999999999782,Bearish,U
452,2018-02-22,24812.7,24987.05,24781.7,24955.2,142.5,Bullish,D
453,2018-02-23,25002.25,25345.15,24962.85,25302.5,300.25,Bullish,U
454,2018-02-26,25452.0,25722.15,25381.2,25687.9,235.90000000000146,Bullish,U
455,2018-02-27,25684.6,25723.55,25356.4,25383.6,-301.0,Bearish,D
456,2018-02-28,25116.25,25192.95,24942.0,25107.4,-8.849999999998545,Bearish,D
457,2018-03-01,25022.35,25226.05,24854.4,24902.55,-119.79999999999927,Bearish,D
458,2018-03-05,24831.35,24873.05,24682.0,24818.7,-12.649999999997817,Bearish,D
459,2018-03-06,24964.1,25040.25,24362.05,24448.45,-515.6499999999978,Bearish,U
460,2018-03-07,24333.85,24373.4,24096.75,24134.1,-199.75,Bearish,D
461,2018-03-08,24273.9,24534.5,24048.55,24477.65,203.75,Bullish,U
462,2018-03-09,24556.95,24564.75,24259.7,24296.45,-260.5,Bearish,U
463,2018-03-12,24443.6,24716.05,24358.5,24664.2,220.60000000000218,Bullish,U
464,2018-03-13,24624.6,25009.65,24597.55,24738.65,114.05000000000291,Bullish,D
465,2018-03-14,24629.65,24894.3,24487.0,24851.65,222.0,Bullish,D
466,2018-03-15,24854.3,24939.85,24732.0,24791.85,-62.45000000000073,Bearish,U
467,2018-03-16,24753.65,24785.35,24439.15,24489.55,-264.1000000000022,Bearish,D
468,2018-03-19,24530.15,24588.05,24186.95,24245.1,-285.0500000000029,Bearish,U
469,2018-03-20,24133.95,24355.65,24082.95,24168.2,34.25,Bullish,D
470,2018-03-21,24331.3,24459.75,24208.65,24255.6,-75.70000000000073,Bearish,U
471,2018-03-22,24252.95,24314.4,24094.85,24141.5,-111.45000000000073,Bearish,D
472,2018-03-23,23785.65,23796.3,23605.6,23670.4,-115.25,Bearish,D
473,2018-03-26,23674.9,24290.65,23657.05,24244.35,569.4499999999971,Bullish,U
474,2018-03-27,24396.4,24496.95,24266.4,24434.15,37.75,Bullish,U
475,2018-03-28,24299.5,24361.0,24203.4,24263.35,-36.150000000001455,Bearish,D
476,2018-04-02,24235.65,24373.4,24062.95,24328.5,92.84999999999854,Bullish,D
477,2018-04-03,24285.95,24538.0,24254.35,24510.6,224.64999999999782,Bullish,D
478,2018-04-04,24502.5,24666.3,24087.8,24129.5,-373.0,Bearish,D
479,2018-04-05,24394.45,24824.9,24380.85,24759.8,365.34999999999854,Bullish,U
480,2018-04-06,24776.35,24933.6,24626.4,24873.15,96.80000000000291,Bullish,U
481,2018-04-09,24848.85,25152.85,24828.0,25093.8,244.95000000000073,Bullish,D
482,2018-04-10,25153.6,25279.9,25120.2,25226.8,73.20000000000073,Bullish,U
483,2018-04-11,25198.35,25207.05,24950.3,25098.25,-100.09999999999854,Bearish,D
484,2018-04-12,25076.9,25244.8,24969.4,25195.1,118.19999999999709,Bullish,D
485,2018-04-13,25239.65,25411.3,25076.85,25200.6,-39.05000000000291,Bearish,U
486,2018-04-16,25082.1,25348.55,25067.35,25320.85,238.75,Bullish,D
487,2018-04-17,25383.75,25402.55,25224.0,25334.45,-49.29999999999927,Bearish,U
488,2018-04-18,25426.75,25426.75,25058.75,25102.3,-324.4500000000007,Bearish,U
489,2018-04-19,25206.45,25207.3,25049.7,25126.15,-80.29999999999927,Bearish,U
490,2018-04-20,25126.8,25126.8,24839.3,24943.85,-182.95000000000073,Bearish,U
491,2018-04-23,25065.5,25084.15,24466.1,24960.65,-104.84999999999854,Bearish,U
492,2018-04-24,24972.2,25123.45,24955.0,25042.1,69.89999999999782,Bullish,U
493,2018-04-25,24993.4,24993.4,24734.6,24814.4,-179.0,Bearish,D
494,2018-04-26,24833.2,25064.0,24753.4,25010.9,177.70000000000073,Bullish,U
495,2018-04-27,25030.15,25441.5,25029.65,25394.6,364.4499999999971,Bullish,U
496,2018-04-30,25490.15,25617.5,25464.8,25531.6,41.44999999999709,Bullish,U
497,2018-05-02,25607.05,25716.75,25499.35,25568.3,-38.75,Bearish,U
498,2018-05-03,25547.9,25653.45,25469.05,25605.25,57.349999999998545,Bullish,D
499,2018-05-04,25632.3,25680.4,25537.7,25645.4,13.100000000002183,Bullish,U
500,2018-05-07,25676.25,25913.5,25675.15,25852.05,175.79999999999927,Bullish,U
501,2018-05-08,26074.15,26116.25,25954.6,26090.5,16.349999999998545,Bullish,U
502,2018-05-09,25988.1,26206.5,25946.3,26154.45,166.35000000000218,Bullish,D
503,2018-05-10,26216.1,26266.4,26057.2,26131.0,-85.09999999999854,Bearish,U
504,2018-05-11,26173.7,26437.25,26099.85,26413.15,239.45000000000073,Bullish,U
505,2018-05-14,26404.45,26565.4,26338.05,26475.15,70.70000000000073,Bullish,D
506,2018-05-15,26494.9,26972.05,26407.3,26474.0,-20.900000000001455,Bearish,U
507,2018-05-16,26269.35,26428.35,26102.15,26182.15,-87.19999999999709,Bearish,D
508,2018-05-17,26233.2,26283.55,26012.0,26073.8,-159.40000000000146,Bearish,U
509,2018-05-18,26025.6,26032.0,25839.0,25875.6,-150.0,Bearish,D
510,2018-05-21,26017.5,26066.75,25685.35,25750.8,-266.7000000000007,Bearish,U
511,2018-05-22,25780.25,25945.65,25701.35,25777.7,-2.5499999999992724,Bearish,U
512,2018-05-23,25726.95,25903.9,25622.15,25684.95,-42.0,Bearish,D
513,2018-05-24,25722.9,26073.1,25658.4,26016.8,293.8999999999978,Bullish,U
514,2018-05-25,26066.75,26325.55,26031.45,26273.55,206.79999999999927,Bullish,U
515,2018-05-28,26291.65,26713.65,26273.9,26614.25,322.59999999999854,Bullish,U
516,2018-05-29,26567.25,26570.95,26221.1,26254.8,-312.4500000000007,Bearish,D
517,2018-05-30,26039.9,26405.45,25980.85,26327.8,287.8999999999978,Bullish,D
518,2018-05-31,26587.0,27164.55,26354.55,26956.2,369.2000000000007,Bullish,U
519,2018-06-01,26913.4,26996.8,26658.55,26692.8,-220.60000000000218,Bearish,D
520,2018-06-04,27023.7,27047.55,26205.9,26257.55,-766.1500000000015,Bearish,U
521,2018-06-05,26263.0,26342.4,26069.55,26251.0,-12.0,Bearish,U
522,2018-06-06,26266.9,26425.2,26147.8,26367.6,100.69999999999709,Bullish,U
523,2018-06-07,26577.95,26766.95,26483.9,26517.8,-60.150000000001455,Bearish,U
524,2018-06-08,26457.25,26481.0,26284.2,26451.35,-5.900000000001455,Bearish,D
525,2018-06-11,26473.2,26653.0,26421.95,26453.55,-19.650000000001455,Bearish,U
526,2018-06-12,26566.6,26656.45,26449.85,26607.1,40.5,Bullish,U
527,2018-06-13,26721.95,26765.45,26598.2,26642.8,-79.15000000000146,Bearish,U
528,2018-06-14,26612.3,26623.25,26503.1,26562.25,-50.04999999999927,Bearish,D
529,2018-06-15,26513.7,26586.4,26344.95,26417.4,-96.29999999999927,Bearish,D
530,2018-06-18,26444.3,26477.5,26322.45,26409.3,-35.0,Bearish,U
531,2018-06-19,26448.1,26448.1,26224.75,26265.75,-182.34999999999854,Bearish,U
532,2018-06-20,26320.45,26574.75,26309.95,26557.7,237.25,Bullish,U
533,2018-06-21,26645.3,26682.95,26454.95,26496.95,-148.34999999999854,Bearish,U
534,2018-06-22,26518.4,26806.55,26364.25,26766.85,248.4499999999971,Bullish,U
535,2018-06-25,26718.15,26804.9,26573.0,26609.7,-108.45000000000073,Bearish,D
536,2018-06-26,26495.65,26712.6,26479.65,26601.7,106.04999999999927,Bullish,D
537,2018-06-27,26616.3,26634.3,26336.5,26423.4,-192.89999999999782,Bearish,U
538,2018-06-28,26398.1,26487.85,26161.0,26324.6,-73.5,Bearish,D
539,2018-06-29,26312.7,26465.0,26291.35,26364.2,51.5,Bullish,D
540,2018-07-02,26364.45,26371.6,26060.6,26230.3,-134.15000000000146,Bearish,U
541,2018-07-03,26210.1,26316.1,26142.0,26204.1,-6.0,Bearish,D
542,2018-07-04,26249.25,26480.5,26132.9,26433.95,184.70000000000073,Bullish,U
543,2018-07-05,26481.55,26598.45,26415.2,26503.3,21.75,Bullish,U
544,2018-07-06,26427.55,26609.85,26410.0,26493.85,66.29999999999927,Bullish,D
545,2018-07-09,26642.35,26781.2,26611.55,26753.3,110.95000000000073,Bullish,U
546,2018-07-10,26844.55,26939.55,26778.5,26894.55,50.0,Bullish,U
547,2018-07-11,26900.65,26938.85,26774.6,26816.2,-84.45000000000073,Bearish,U
548,2018-07-12,26937.5,27164.8,26936.05,27026.55,89.04999999999927,Bullish,U
549,2018-07-13,27046.85,27102.35,26902.3,26935.95,-110.89999999999782,Bearish,U
550,2018-07-16,26914.5,26939.05,26643.95,26679.8,-234.70000000000073,Bearish,D
551,2018-07-17,26662.85,27041.35,26653.65,27008.1,345.25,Bullish,D
552,2018-07-18,27107.35,27187.15,26834.45,26880.9,-226.4499999999971,Bearish,U
553,2018-07-19,26960.2,27025.45,26730.1,26789.65,-170.54999999999927,Bearish,U
554,2018-07-20,26764.4,26946.55,26718.6,26873.2,108.79999999999927,Bullish,D
555,2018-07-23,26701.3,27040.1,26671.35,27008.15,306.8500000000022,Bullish,D
556,2018-07-24,26984.15,27128.0,26868.15,26974.4,-9.75,Bearish,D
557,2018-07-25,26992.55,27074.0,26939.35,27031.3,38.75,Bullish,U
558,2018-07-26,27054.7,27455.1,27045.05,27406.4,351.7000000000007,Bullish,U
559,2018-07-27,27497.8,27661.05,27455.0,27634.4,136.60000000000218,Bullish,U
560,2018-07-30,27767.65,27873.7,27607.95,27842.6,74.94999999999709,Bullish,U
561,2018-07-31,27797.2,27839.2,27651.3,27764.15,-33.04999999999927,Bearish,D
562,2018-08-01,27684.8,27820.15,27477.9,27596.6,-88.20000000000073,Bearish,D
563,2018-08-02,27469.5,27487.9,27327.95,27355.95,-113.54999999999927,Bearish,D
564,2018-08-03,27471.95,27723.0,27448.15,27695.5,223.54999999999927,Bullish,U
565,2018-08-06,27769.55,27994.0,27766.05,27898.5,128.95000000000073,Bullish,U
566,2018-08-07,27972.95,27988.2,27827.3,27875.9,-97.04999999999927,Bearish,U
567,2018-08-08,27930.55,28128.65,27858.75,28062.45,131.90000000000146,Bullish,U
568,2018-08-09,28173.65,28363.4,28132.0,28320.0,146.34999999999854,Bullish,U
569,2018-08-10,28348.95,28377.9,28087.65,28124.25,-224.70000000000073,Bearish,U
570,2018-08-13,27760.8,27911.85,27739.5,27794.4,33.60000000000218,Bullish,D
571,2018-08-14,27864.4,28053.05,27854.9,28021.7,157.29999999999927,Bullish,U
572,2018-08-16,27836.15,28013.1,27779.5,27826.55,-9.600000000002183,Bearish,D
573,2018-08-17,27991.75,28178.15,27953.8,28128.55,136.79999999999927,Bullish,U
574,2018-08-20,28171.65,28322.3,28171.65,28274.25,102.59999999999854,Bullish,U
575,2018-08-21,28295.85,28305.95,28151.9,28257.9,-37.94999999999709,Bearish,U
576,2018-08-23,28321.95,28325.45,27965.35,28027.9,-294.0499999999993,Bearish,U
577,2018-08-24,27954.25,28122.75,27782.8,27834.7,-119.54999999999927,Bearish,D
578,2018-08-27,27971.25,28317.75,27958.2,28264.2,292.9500000000007,Bullish,U
579,2018-08-28,28379.9,28388.65,28152.7,28269.65,-110.25,Bearish,U
580,2018-08-29,28233.4,28344.1,28167.8,28224.1,-9.30000000000291,Bearish,D
581,2018-08-30,28233.7,28233.7,27961.75,28103.25,-130.45000000000073,Bearish,U
582,2018-08-31,27998.0,28157.35,27940.95,28061.75,63.75,Bullish,D
583,2018-09-03,28199.45,28203.2,27777.4,27819.5,-379.9500000000007,Bearish,U
584,2018-09-04,27845.55,27875.15,27385.85,27430.75,-414.7999999999993,Bearish,U
585,2018-09-05,27409.3,27506.3,27136.05,27376.05,-33.25,Bearish,D
586,2018-09-06,27464.25,27552.8,27246.25,27468.7,4.450000000000728,Bullish,U
587,2018-09-07,27439.25,27512.5,27232.8,27481.45,42.20000000000073,Bullish,D
588,2018-09-10,27395.2,27404.85,27142.55,27201.75,-193.45000000000073,Bearish,D
589,2018-09-11,27295.2,27318.45,26772.25,26807.5,-487.7000000000007,Bearish,U
590,2018-09-12,26895.15,26895.15,26555.15,26819.2,-75.95000000000073,Bearish,U
591,2018-09-14,27059.85,27205.75,26989.8,27163.85,104.0,Bullish,U
592,2018-09-17,27002.6,27002.6,26743.4,26820.3,-182.29999999999927,Bearish,D
593,2018-09-18,26757.0,26901.05,26407.45,26441.45,-315.5499999999993,Bearish,D
594,2018-09-19,26532.0,26611.6,26235.7,26277.35,-254.65000000000146,Bearish,U
595,2018-09-21,26331.05,26490.4,25053.35,25596.9,-734.1499999999978,Bearish,U
596,2018-09-24,25645.05,25649.7,24904.5,24970.35,-674.7000000000007,Bearish,U
597,2018-09-25,24947.7,25406.95,24678.25,25330.35,382.6499999999978,Bullish,D
598,2018-09-26,25525.1,25525.1,25197.35,25376.3,-148.79999999999927,Bearish,U
599,2018-09-27,25442.1,25452.5,25007.05,25042.15,-399.9499999999971,Bearish,U
600,2018-09-28,25135.8,25354.7,24919.25,25119.85,-15.950000000000728,Bearish,U
601,2018-10-01,24943.9,25412.15,24707.65,25367.0,423.09999999999854,Bullish,D
602,2018-10-03,25290.55,25470.05,25026.35,25069.9,-220.64999999999782,Bearish,D
603,2018-10-04,24735.15,24893.4,24501.05,24819.3,84.14999999999782,Bullish,D
604,2018-10-05,24741.65,25080.2,24250.65,24443.45,-298.2000000000007,Bearish,D
605,2018-10-08,24470.75,24745.35,24240.05,24618.35,147.59999999999854,Bullish,U
606,2018-10-09,24703.65,24759.9,24464.9,24527.65,-176.0,Bearish,U
607,2018-10-10,24596.6,25371.15,24559.9,25321.7,725.1000000000022,Bullish,U
608,2018-10-11,24541.75,24940.1,24493.7,24783.95,242.20000000000073,Bullish,D
609,2018-10-12,25001.95,25484.2,24975.45,25395.85,393.8999999999978,Bullish,U
610,2018-10-15,25444.0,25466.2,25147.8,25388.05,-55.95000000000073,Bearish,U
611,2018-10-16,25414.2,25707.05,25351.8,25589.65,175.45000000000073,Bullish,U
612,2018-10-17,25839.1,25915.35,25101.95,25188.6,-650.5,Bearish,U
613,2018-10-19,24966.5,25277.9,24922.65,25085.8,119.29999999999927,Bullish,D
614,2018-10-22,25484.25,25504.75,25021.35,25078.6,-405.65000000000146,Bearish,U
615,2018-10-23,24786.9,25124.6,24784.9,24972.45,185.54999999999927,Bullish,D
616,2018-10-24,25312.7,25356.9,24839.65,25064.2,-248.5,Bearish,U
617,2018-10-25,24841.5,24977.35,24696.85,24817.45,-24.049999999999272,Bearish,D
618,2018-10-26,24771.85,24771.95,24353.1,24421.05,-350.7999999999993,Bearish,D
619,2018-10-29,24647.95,25023.75,24404.55,24959.7,311.75,Bullish,U
620,2018-10-30,24924.75,25121.5,24686.85,24807.75,-117.0,Bearish,D
621,2018-10-31,24823.8,25201.3,24528.35,25153.25,329.4500000000007,Bullish,U
622,2018-11-01,25285.2,25401.6,25129.45,25323.65,38.45000000000073,Bullish,U
623,2018-11-02,25545.35,25856.25,25499.15,25701.65,156.3000000000029,Bullish,U
624,2018-11-05,25731.55,25788.2,25534.4,25732.2,0.6500000000014552,Bullish,U
625,2018-11-06,25747.4,25860.75,25558.35,25598.0,-149.40000000000146,Bearish,U
626,2018-11-07,25818.1,25824.4,25698.1,25737.5,-80.59999999999854,Bearish,U
627,2018-11-09,25742.55,25822.75,25598.75,25771.0,28.450000000000728,Bullish,U
628,2018-11-12,25816.15,25907.2,25495.1,25539.75,-276.40000000000146,Bearish,U
629,2018-11-13,25422.0,25796.5,25384.55,25768.6,346.59999999999854,Bullish,D
630,2018-11-14,25952.4,26045.05,25806.7,25930.15,-22.25,Bearish,U
631,2018-11-15,25946.2,26197.6,25728.0,26154.75,208.54999999999927,Bullish,U
632,2018-11-16,26205.35,26332.75,26122.55,26245.55,40.20000000000073,Bullish,U
633,2018-11-19,26364.6,26379.1,26204.35,26300.7,-63.89999999999782,Bearish,U
634,2018-11-20,26211.5,26259.4,26041.8,26113.35,-98.15000000000146,Bearish,D
635,2018-11-21,26105.45,26342.05,26060.55,26262.05,156.59999999999854,Bullish,D
636,2018-11-22,26233.65,26323.95,25947.85,25999.45,-234.20000000000073,Bearish,D
637,2018-11-26,26096.0,26396.6,26025.05,26365.6,269.59999999999854,Bullish,U
638,2018-11-27,26286.1,26491.25,26268.65,26443.1,157.0,Bullish,D
639,2018-11-28,26489.65,26584.95,26419.65,26457.95,-31.700000000000728,Bearish,U
640,2018-11-29,26641.6,27003.75,26577.15,26939.6,298.0,Bullish,U
641,2018-11-30,27009.3,27012.7,26764.9,26862.95,-146.34999999999854,Bearish,U
642,2018-12-03,27032.9,27037.1,26791.65,26857.55,-175.35000000000218,Bearish,U
643,2018-12-04,26809.5,26843.8,26644.75,26693.8,-115.70000000000073,Bearish,D
644,2018-12-05,26572.1,26627.35,26443.65,26519.6,-52.5,Bearish,D
645,2018-12-06,26339.1,26359.9,26149.45,26198.3,-140.79999999999927,Bearish,D
646,2018-12-07,26307.4,26659.7,26252.1,26594.3,286.8999999999978,Bullish,U
647,2018-12-10,26073.65,26336.2,26072.0,26102.65,29.0,Bullish,D
648,2018-12-11,25602.25,26227.9,25598.95,26163.4,561.1500000000015,Bullish,D
649,2018-12-12,26286.25,26672.7,26214.75,26643.85,357.59999999999854,Bullish,U
650,2018-12-13,26844.15,26951.45,26723.65,26816.35,-27.80000000000291,Bearish,U
651,2018-12-14,26810.85,26909.0,26732.7,26826.0,15.150000000001455,Bullish,D
652,2018-12-17,26915.45,27051.4,26908.6,27015.8,100.34999999999854,Bullish,U
653,2018-12-18,26917.3,27210.05,26840.8,27174.7,257.40000000000146,Bullish,D
654,2018-12-19,27229.05,27364.35,27214.3,27298.4,69.35000000000218,Bullish,U
655,2018-12-20,27128.65,27309.1,27084.5,27275.1,146.4499999999971,Bullish,D
656,2018-12-21,27261.25,27369.1,26823.1,26869.65,-391.59999999999854,Bearish,D
657,2018-12-24,26877.05,26934.85,26676.95,26714.75,-162.29999999999927,Bearish,U
658,2018-12-26,26634.0,27029.15,26408.15,26986.8,352.7999999999993,Bullish,D
659,2018-12-27,27200.65,27239.95,26845.1,26878.55,-322.1000000000022,Bearish,U
660,2018-12-28,27048.4,27213.45,27039.6,27125.25,76.84999999999854,Bullish,U
661,2018-12-31,27267.8,27286.5,27105.0,27160.2,-107.59999999999854,Bearish,U
662,2019-01-01,27231.4,27430.55,27019.05,27392.4,161.0,Bullish,U
663,2019-01-02,27297.0,27397.55,27077.6,27174.7,-122.29999999999927,Bearish,D
664,2019-01-03,27181.6,27206.2,26923.75,26959.85,-221.75,Bearish,U
665,2019-01-04,26999.7,27274.5,26926.1,27195.0,195.29999999999927,Bullish,U
666,2019-01-07,27378.65,27477.8,27279.55,27304.55,-74.10000000000218,Bearish,U
667,2019-01-08,27301.9,27542.4,27161.95,27509.5,207.59999999999854,Bullish,D
668,2019-01-09,27651.25,27754.45,27409.5,27720.4,69.15000000000146,Bullish,U
669,2019-01-10,27713.55,27713.55,27488.2,27528.55,-185.0,Bearish,D
670,2019-01-11,27602.8,27612.45,27382.45,27453.9,-148.89999999999782,Bearish,U
671,2019-01-14,27389.2,27389.8,27182.2,27248.25,-140.95000000000073,Bearish,D
672,2019-01-15,27317.55,27447.55,27317.1,27400.75,83.20000000000073,Bullish,U
673,2019-01-16,27405.65,27554.75,27403.05,27483.7,78.04999999999927,Bullish,U
674,2019-01-17,27568.6,27611.55,27335.15,27528.75,-39.849999999998545,Bearish,U
675,2019-01-18,27550.05,27576.45,27410.65,27456.7,-93.34999999999854,Bearish,U
676,2019-01-21,27514.55,27622.2,27388.5,27533.6,19.049999999999272,Bullish,U
677,2019-01-22,27526.55,27533.35,27385.4,27482.25,-44.29999999999927,Bearish,D
678,2019-01-23,27493.1,27564.7,27189.6,27250.75,-242.34999999999854,Bearish,U
679,2019-01-24,27273.5,27342.35,27142.8,27266.4,-7.099999999998545,Bearish,U
680,2019-01-25,27261.45,27433.55,27045.2,27115.3,-146.15000000000146,Bearish,D
681,2019-01-28,27041.45,27134.2,26587.95,26653.05,-388.40000000000146,Bearish,D
682,2019-01-29,26616.25,26743.85,26441.55,26573.4,-42.849999999998545,Bearish,D
683,2019-01-30,26789.75,26916.25,26693.7,26825.5,35.75,Bullish,U
684,2019-01-31,26969.15,27325.05,26891.05,27295.45,326.2999999999993,Bullish,U
685,2019-02-01,27334.55,27533.05,26930.45,27085.95,-248.59999999999854,Bearish,U
686,2019-02-04,26974.0,27243.8,26825.55,27186.6,212.59999999999854,Bullish,D
687,2019-02-05,27226.05,27348.25,27153.2,27271.7,45.650000000001455,Bullish,U
688,2019-02-06,27326.2,27428.65,27294.1,27402.35,76.14999999999782,Bullish,U
689,2019-02-07,27424.1,27589.75,27322.95,27387.15,-36.94999999999709,Bearish,U
690,2019-02-08,27302.65,27482.1,27221.25,27294.4,-8.25,Bearish,D
691,2019-02-11,27240.5,27305.9,27151.55,27227.8,-12.700000000000728,Bearish,D
692,2019-02-12,27166.9,27286.65,26988.9,27010.75,-156.15000000000146,Bearish,D
693,2019-02-13,27068.85,27108.0,26839.05,26885.4,-183.4499999999971,Bearish,U
694,2019-02-14,26978.0,27030.0,26818.05,26970.6,-7.400000000001455,Bearish,U
695,2019-02-15,27017.2,27029.95,26635.25,26794.25,-222.95000000000073,Bearish,U
696,2019-02-18,26754.6,26829.95,26617.7,26654.25,-100.34999999999854,Bearish,D
697,2019-02-19,26666.55,26996.45,26625.6,26684.85,18.299999999999272,Bullish,U
698,2019-02-20,26786.0,26985.5,26732.65,26955.5,169.5,Bullish,U
699,2019-02-21,26994.75,27100.9,26973.0,27052.4,57.650000000001455,Bullish,U
700,2019-02-22,26960.05,26997.35,26847.8,26867.55,-92.5,Bearish,D
701,2019-02-25,26934.2,27197.1,26932.65,27159.25,225.04999999999927,Bullish,U
702,2019-02-26,26853.8,27127.25,26736.6,26952.95,99.15000000000146,Bullish,D
703,2019-02-27,27078.1,27189.45,26719.4,26799.3,-278.7999999999993,Bearish,U
704,2019-02-28,26878.0,26920.5,26762.55,26789.9,-88.09999999999854,Bearish,U
705,2019-03-01,26941.0,27076.55,26928.9,27043.9,102.90000000000146,Bullish,U
706,2019-03-05,27068.15,27580.75,26958.1,27554.05,485.8999999999978,Bullish,U
707,2019-03-06,27618.1,27681.65,27492.05,27625.65,7.55000000000291,Bullish,U
708,2019-03-07,27661.0,27815.5,27560.0,27764.6,103.59999999999854,Bullish,U
709,2019-03-08,27686.15,27811.35,27645.4,27761.8,75.64999999999782,Bullish,D
710,2019-03-11,27840.1,28035.6,27791.25,27966.65,126.55000000000291,Bullish,U
711,2019-03-12,28168.2,28488.1,28142.25,28443.7,275.5,Bullish,U
712,2019-03-13,28480.3,28927.7,28353.65,28884.3,404.0,Bullish,U
713,2019-03-14,29028.9,29070.35,28819.75,28923.1,-105.80000000000291,Bearish,U
714,2019-03-15,29007.0,29520.7,28990.85,29381.45,374.4500000000007,Bullish,U
715,2019-03-18,29521.6,29812.0,29361.65,29596.1,74.5,Bullish,U
716,2019-03-19,29702.6,29799.75,29547.7,29767.85,65.25,Bullish,U
717,2019-03-20,29769.65,29885.2,29633.5,29832.2,62.54999999999927,Bullish,U
718,2019-03-22,29920.75,30008.1,29508.7,29582.5,-338.25,Bearish,U
719,2019-03-25,29329.4,29329.4,29156.25,29281.2,-48.20000000000073,Bearish,D
720,2019-03-26,29300.4,29950.15,29278.5,29882.15,581.75,Bullish,U
721,2019-03-27,30034.15,30262.55,29790.25,30019.8,-14.350000000002183,Bearish,U
722,2019-03-28,30064.8,30496.05,29969.1,30420.55,355.75,Bullish,U
723,2019-03-29,30480.35,30499.15,30235.9,30426.8,-53.54999999999927,Bearish,U
724,2019-04-01,30537.6,30648.1,30218.35,30326.5,-211.09999999999854,Bearish,U
725,2019-04-02,30450.1,30452.9,30155.85,30354.25,-95.84999999999854,Bearish,U
726,2019-04-03,30440.85,30602.55,30036.25,30093.3,-347.5499999999993,Bearish,U
727,2019-04-04,30147.3,30245.7,29809.9,29904.9,-242.39999999999782,Bearish,U
728,2019-04-05,30002.85,30174.0,29850.0,30084.65,81.80000000000291,Bullish,U
729,2019-04-08,30201.5,30232.05,29716.6,29845.3,-356.2000000000007,Bearish,U
730,2019-04-09,29901.5,30165.05,29703.55,30113.85,212.34999999999854,Bullish,U
731,2019-04-10,29916.6,30155.75,29768.1,29803.5,-113.09999999999854,Bearish,D
732,2019-04-11,29841.85,29852.25,29640.25,29786.1,-55.75,Bearish,U
733,2019-04-12,29780.55,30000.95,29707.0,29938.55,158.0,Bullish,D
734,2019-04-15,29983.5,30163.1,29919.1,30104.25,120.75,Bullish,U
735,2019-04-16,30236.25,30590.95,30228.2,30531.35,295.09999999999854,Bullish,U
736,2019-04-18,30656.5,30669.8,30142.2,30223.4,-433.09999999999854,Bearish,U
737,2019-04-22,30282.5,30289.9,29647.55,29687.95,-594.5499999999993,Bearish,U
738,2019-04-23,29761.95,29906.5,29455.45,29479.7,-282.25,Bearish,U
739,2019-04-24,29550.5,29914.85,29435.05,29860.8,310.2999999999993,Bullish,U
740,2019-04-25,29927.05,30057.7,29511.95,29561.35,-365.7000000000007,Bearish,U
741,2019-04-26,29764.85,30048.2,29563.15,30013.5,248.65000000000146,Bullish,U
742,2019-04-30,29920.4,29920.4,29550.05,29764.8,-155.60000000000218,Bearish,D
743,2019-05-02,29699.8,29919.35,29638.8,29708.6,8.799999999999272,Bullish,D
744,2019-05-03,29811.65,30121.75,29795.1,29954.15,142.5,Bullish,U
745,2019-05-06,29626.5,29757.4,29528.6,29618.45,-8.049999999999272,Bearish,D
746,2019-05-07,29749.55,29835.5,29244.25,29288.2,-461.34999999999854,Bearish,U
747,2019-05-08,29261.3,29261.3,28951.35,28994.4,-266.8999999999978,Bearish,D
748,2019-05-09,28893.95,29040.3,28784.65,28884.6,-9.350000000002183,Bearish,D
749,2019-05-10,28927.6,29202.85,28900.1,29040.5,112.90000000000146,Bullish,U
750,2019-05-13,29026.65,29049.05,28621.1,28659.95,-366.7000000000007,Bearish,D
751,2019-05-14,28718.75,29058.3,28582.6,28829.2,110.45000000000073,Bullish,U
752,2019-05-15,28925.45,28983.15,28555.15,28616.45,-309.0,Bearish,U
753,2019-05-16,28625.9,28947.6,28525.45,28855.3,229.39999999999782,Bullish,U
754,2019-05-17,28881.4,29559.45,28856.0,29450.15,568.75,Bullish,U
755,2019-05-20,30230.4,30827.85,30111.2,30759.7,529.2999999999993,Bullish,U
756,2019-05-21,30862.1,30926.7,30265.1,30308.4,-553.6999999999971,Bearish,U
757,2019-05-22,30410.65,30675.1,30268.6,30526.8,116.14999999999782,Bullish,U
758,2019-05-23,30962.8,31705.0,30292.35,30409.1,-553.7000000000007,Bearish,U
759,2019-05-24,30685.5,31275.4,30564.4,31212.55,527.0499999999993,Bullish,U
760,2019-05-27,31234.9,31700.75,31142.5,31647.65,412.75,Bullish,U
761,2019-05-28,31711.3,31712.4,31328.6,31597.9,-113.39999999999782,Bearish,U
762,2019-05-29,31459.25,31546.75,31257.9,31295.55,-163.70000000000073,Bearish,D
763,2019-05-30,31256.85,31619.25,31236.1,31537.1,280.25,Bullish,D
764,2019-05-31,31678.9,31783.6,30623.05,31375.4,-303.5,Bearish,U
765,2019-06-03,31406.05,31674.6,31284.7,31653.65,247.60000000000218,Bullish,U
766,2019-06-04,31532.9,31752.7,31512.95,31589.05,56.14999999999782,Bullish,D
767,2019-06-06,31523.95,31541.5,30800.8,30857.4,-666.5499999999993,Bearish,D
768,2019-06-07,30943.15,31139.6,30627.05,31066.55,123.39999999999782,Bullish,U
769,2019-06-10,31259.2,31367.4,30861.3,31034.0,-225.20000000000073,Bearish,U
770,2019-06-11,31172.25,31399.35,30973.35,31265.45,93.20000000000073,Bullish,U
771,2019-06-12,31219.3,31222.3,30911.45,30965.7,-253.59999999999854,Bearish,D
772,2019-06-13,30876.75,31036.9,30638.25,30976.1,99.34999999999854,Bullish,D
773,2019-06-14,30983.45,31032.65,30508.95,30614.35,-369.1000000000022,Bearish,U
774,2019-06-17,30652.0,30684.05,30249.4,30273.25,-378.75,Bearish,U
775,2019-06-18,30299.45,30550.65,30222.85,30351.0,51.54999999999927,Bullish,U
776,2019-06-19,30526.5,30699.15,30242.0,30362.1,-164.40000000000146,Bearish,U
777,2019-06-20,30390.2,30824.55,30220.7,30781.1,390.8999999999978,Bullish,U
778,2019-06-21,30804.95,30804.95,30541.5,30628.35,-176.60000000000218,Bearish,U
779,2019-06-24,30680.95,30783.65,30528.0,30602.05,-78.90000000000146,Bearish,U
780,2019-06-25,30567.65,30913.25,30451.4,30847.05,279.3999999999978,Bullish,D
781,2019-06-26,30809.2,31202.7,30766.65,31162.35,353.1499999999978,Bullish,D
782,2019-06-27,31192.1,31490.6,31158.8,31269.5,77.40000000000146,Bullish,U
783,2019-06-28,31281.0,31308.9,31060.6,31105.2,-175.79999999999927,Bearish,U
784,2019-07-01,31271.0,31450.35,31246.45,31372.2,101.20000000000073,Bullish,U
785,2019-07-02,31414.65,31431.35,31105.1,31283.3,-131.35000000000218,Bearish,U
786,2019-07-03,31347.7,31467.15,31238.5,31382.3,34.599999999998545,Bullish,U
787,2019-07-04,31471.0,31608.35,31428.05,31471.85,0.8499999999985448,Bullish,U
788,2019-07-05,31523.05,31660.75,31323.25,31475.8,-47.25,Bearish,U
789,2019-07-08,31346.85,31370.4,30536.75,30603.85,-743.0,Bearish,D
790,2019-07-09,30533.4,30702.1,30346.7,30569.15,35.75,Bullish,D
791,2019-07-10,30618.05,30728.35,30428.6,30522.1,-95.95000000000073,Bearish,U
792,2019-07-11,30707.0,30788.05,30565.35,30716.55,9.549999999999272,Bullish,U
793,2019-07-12,30789.75,30870.95,30548.3,30601.45,-188.29999999999927,Bearish,U
794,2019-07-15,30688.85,30695.7,30334.2,30445.95,-242.89999999999782,Bearish,U
795,2019-07-16,30532.65,30635.0,30429.9,30570.8,38.14999999999782,Bullish,U
796,2019-07-17,30622.25,30799.7,30568.3,30735.5,113.25,Bullish,U
797,2019-07-18,30705.8,30769.35,30378.6,30430.6,-275.2000000000007,Bearish,D
798,2019-07-19,30515.1,30543.75,29705.75,29770.35,-744.75,Bearish,U
799,2019-07-22,29617.05,29635.15,29194.1,29284.95,-332.09999999999854,Bearish,D
800,2019-07-23,29342.45,29365.8,29078.15,29128.1,-214.35000000000218,Bearish,U
801,2019-07-24,29085.45,29252.4,28871.0,28952.25,-133.20000000000073,Bearish,D
802,2019-07-25,28981.05,29240.8,28931.05,29043.05,62.0,Bullish,U
803,2019-07-26,29062.5,29379.1,28994.5,29325.3,262.7999999999993,Bullish,U
804,2019-07-29,29583.45,29592.95,29104.85,29295.9,-287.5499999999993,Bearish,U
805,2019-07-30,29434.85,29530.3,28737.8,28791.6,-643.25,Bearish,U
806,2019-07-31,28575.45,28979.75,28529.75,28876.0,300.5499999999993,Bullish,D
807,2019-08-01,28660.5,28819.7,28047.35,28367.25,-293.25,Bearish,D
808,2019-08-02,28224.25,28544.55,27936.35,28204.95,-19.299999999999272,Bearish,D
809,2019-08-05,27841.2,27866.55,27389.5,27648.05,-193.15000000000146,Bearish,D
810,2019-08-06,27518.5,28148.4,27503.9,28022.1,503.59999999999854,Bullish,D
811,2019-08-07,28053.85,28175.55,27641.85,27702.05,-351.7999999999993,Bearish,U
812,2019-08-08,27840.1,28227.55,27531.05,28110.45,270.3500000000022,Bullish,U
813,2019-08-09,28293.65,28602.75,28251.75,28431.9,138.25,Bullish,U
814,2019-08-13,28356.8,28358.85,27683.5,27729.1,-627.7000000000007,Bearish,D
815,2019-08-14,27885.5,28107.05,27726.65,28019.2,133.70000000000073,Bullish,U
816,2019-08-16,27920.3,28251.05,27720.95,28217.0,296.7000000000007,Bullish,D
817,2019-08-19,28331.25,28468.9,28146.5,28186.1,-145.15000000000146,Bearish,U
818,2019-08-20,28163.55,28215.4,27839.65,27982.45,-181.09999999999854,Bearish,D
819,2019-08-21,28021.0,28098.9,27666.2,27719.05,-301.9500000000007,Bearish,U
820,2019-08-22,27690.05,27690.05,26975.55,27034.2,-655.8499999999985,Bearish,D
821,2019-08-23,26835.35,27207.3,26560.6,26958.65,123.30000000000291,Bullish,D
822,2019-08-26,27663.95,27995.25,26859.35,27951.35,287.3999999999978,Bullish,U
823,2019-08-27,28106.3,28277.7,27960.8,28126.15,19.850000000002183,Bullish,U
824,2019-08-28,28080.25,28095.55,27634.65,27804.3,-275.9500000000007,Bearish,D
825,2019-08-29,27694.95,27719.05,27239.95,27305.2,-389.75,Bearish,D
826,2019-08-30,27407.9,27586.5,27121.95,27427.85,19.94999999999709,Bullish,U
827,2019-09-03,27239.2,27247.05,26742.6,26824.15,-415.0499999999993,Bearish,D
828,2019-09-04,26785.95,27278.7,26641.35,27123.85,337.8999999999978,Bullish,D
829,2019-09-05,27086.95,27243.95,26815.4,26919.7,-167.25,Bearish,D
830,2019-09-06,26986.5,27311.05,26950.55,27247.9,261.40000000000146,Bullish,U
831,2019-09-09,27240.35,27565.55,26993.9,27504.65,264.3000000000029,Bullish,D
832,2019-09-11,27639.05,27829.65,27551.65,27776.2,137.15000000000146,Bullish,U
833,2019-09-12,27870.8,28062.3,27764.7,27818.5,-52.29999999999927,Bearish,U
834,2019-09-13,27772.0,28126.85,27573.45,28098.75,326.75,Bullish,D
835,2019-09-16,27868.0,28066.7,27798.85,27855.0,-13.0,Bearish,D
836,2019-09-17,27765.1,27851.4,27047.95,27131.75,-633.3499999999985,Bearish,D
837,2019-09-18,27304.7,27414.45,27088.8,27172.65,-132.04999999999927,Bearish,U
838,2019-09-19,27175.45,27175.45,26643.0,26757.65,-417.7999999999993,Bearish,U
839,2019-09-20,26878.65,29418.95,26727.55,28981.55,2102.899999999998,Bullish,U
840,2019-09-23,30039.4,30801.3,29776.3,30566.2,526.7999999999993,Bullish,U
841,2019-09-24,30432.0,30668.1,29889.55,30183.1,-248.90000000000146,Bearish,D
842,2019-09-25,30029.05,30067.6,29470.1,29586.05,-443.0,Bearish,D
843,2019-09-26,29640.55,30718.35,29627.0,30002.6,362.0499999999993,Bullish,U
844,2019-09-27,29974.95,30112.65,29711.35,29876.65,-98.29999999999927,Bearish,D
845,2019-09-30,29674.8,29754.4,28943.45,29103.15,-571.6499999999978,Bearish,D
846,2019-10-01,29226.15,29526.4,28077.35,28725.5,-500.65000000000146,Bearish,U
847,2019-10-03,28606.7,28769.1,28240.8,28414.1,-192.60000000000218,Bearish,D
848,2019-10-04,28681.9,28730.3,27653.7,27731.85,-950.0500000000029,Bearish,U
849,2019-10-07,27909.9,28185.15,27568.35,27767.55,-142.35000000000218,Bearish,U
850,2019-10-09,27901.65,28857.7,27702.05,28785.85,884.1999999999971,Bullish,U
851,2019-10-10,28542.95,28552.75,27914.15,28013.45,-529.5,Bearish,D
852,2019-10-11,28245.55,28604.05,27736.8,28042.5,-203.04999999999927,Bearish,U
853,2019-10-14,28238.5,28553.4,28043.25,28181.95,-56.54999999999927,Bearish,U
854,2019-10-15,28257.85,28694.85,28186.25,28555.1,297.25,Bullish,U
855,2019-10-16,28689.45,28759.35,28305.4,28538.8,-150.65000000000146,Bearish,U
856,2019-10-17,28596.35,29049.05,28487.95,28989.45,393.1000000000022,Bullish,U
857,2019-10-18,28954.8,29249.5,28864.1,29120.25,165.45000000000073,Bullish,D
858,2019-10-22,29416.25,29690.0,29231.2,29411.15,-5.099999999998545,Bearish,U
859,2019-10-23,29478.85,29643.8,29214.05,29459.6,-19.25,Bearish,U
860,2019-10-24,29604.35,29693.25,28994.2,29107.95,-496.3999999999978,Bearish,U
861,2019-10-25,29228.65,29452.1,28923.8,29395.95,167.29999999999927,Bullish,U
862,2019-10-27,29605.4,29644.45,29446.8,29516.3,-89.10000000000218,Bearish,U
863,2019-10-29,29527.6,29997.65,29385.45,29873.05,345.4500000000007,Bullish,U
864,2019-10-30,30005.7,30151.1,29753.0,29987.5,-18.200000000000728,Bearish,U
865,2019-10-31,30168.65,30415.65,29987.15,30066.25,-102.40000000000146,Bearish,U
866,2019-11-01,30196.15,30409.0,30028.9,30330.55,134.39999999999782,Bullish,U
867,2019-11-04,30415.9,30607.05,30227.25,30333.1,-82.80000000000291,Bearish,U
868,2019-11-05,30403.25,30452.7,30091.35,30219.85,-183.40000000000146,Bearish,U
869,2019-11-06,30225.2,30699.0,30013.65,30609.6,384.3999999999978,Bullish,U
870,2019-11-07,30722.6,30821.35,30462.55,30633.15,-89.44999999999709,Bearish,U
871,2019-11-08,30571.3,31108.4,30504.05,30749.4,178.10000000000218,Bullish,D
872,2019-11-11,30664.65,31205.2,30625.8,31115.55,450.8999999999978,Bullish,D
873,2019-11-13,31084.75,31198.5,30488.1,30541.55,-543.2000000000007,Bearish,D
874,2019-11-14,30615.8,30789.2,30338.35,30749.95,134.15000000000146,Bullish,U
875,2019-11-15,30912.4,31165.45,30860.7,31008.4,96.0,Bullish,U
876,2019-11-18,31036.8,31203.55,30901.85,30992.1,-44.70000000000073,Bearish,U
877,2019-11-19,31045.15,31298.05,30974.3,31236.25,191.09999999999854,Bullish,U
878,2019-11-20,31292.35,31471.65,31205.55,31353.85,61.5,Bullish,U
879,2019-11-21,31413.25,31463.15,31243.0,31349.95,-63.29999999999927,Bearish,U
880,2019-11-22,31389.6,31394.2,31055.2,31111.6,-278.0,Bearish,U
881,2019-11-25,31065.1,31591.6,31049.75,31555.9,490.8000000000029,Bullish,D
882,2019-11-26,31692.85,31850.35,31465.85,31718.35,25.5,Bullish,U
883,2019-11-27,31832.75,31916.8,31734.5,31875.95,43.20000000000073,Bullish,U
884,2019-11-28,31981.7,32157.05,31905.9,32122.95,141.25,Bullish,U
885,2019-11-29,32074.15,32086.95,31770.8,31946.1,-128.0500000000029,Bearish,D
886,2019-12-02,32008.3,32024.1,31720.6,31871.45,-136.84999999999854,Bearish,U
887,2019-12-03,31920.1,31936.6,31502.95,31613.35,-306.75,Bearish,U
888,2019-12-04,31549.3,32017.75,31444.0,31979.3,430.0,Bullish,D
889,2019-12-05,32083.8,32126.95,31628.3,31712.95,-370.84999999999854,Bearish,U
890,2019-12-06,31797.15,31883.7,31250.65,31341.55,-455.6000000000022,Bearish,U
891,2019-12-09,31321.4,31537.65,31122.05,31316.65,-4.75,Bearish,D
892,2019-12-10,31386.4,31412.8,31126.0,31160.35,-226.0500000000029,Bearish,U
893,2019-12-11,31151.65,31337.85,30996.4,31256.75,105.09999999999854,Bullish,D
894,2019-12-12,31356.8,31711.45,31352.1,31665.45,308.65000000000146,Bullish,U
895,2019-12-13,31775.55,32105.05,31770.5,32014.25,238.70000000000073,Bullish,U
896,2019-12-16,32159.0,32186.95,31897.75,31974.2,-184.79999999999927,Bearish,U
897,2019-12-17,32082.4,32213.35,31987.35,32140.25,57.849999999998545,Bullish,U
898,2019-12-18,32292.25,32293.65,32017.3,32244.25,-48.0,Bearish,U
899,2019-12-19,32281.65,32328.35,32085.05,32241.45,-40.20000000000073,Bearish,U
900,2019-12-20,32266.85,32443.35,32199.45,32384.95,118.10000000000218,Bullish,U
901,2019-12-23,32381.0,32502.8,32196.85,32339.45,-41.54999999999927,Bearish,D
902,2019-12-24,32337.8,32390.35,32246.05,32280.75,-57.04999999999927,Bearish,D
903,2019-12-26,32276.15,32314.6,31963.25,31997.7,-278.4500000000007,Bearish,D
904,2019-12-27,32142.5,32444.85,32056.25,32412.35,269.84999999999854,Bullish,U
905,2019-12-30,32486.6,32613.1,32248.5,32354.9,-131.6999999999971,Bearish,U
906,2019-12-31,32345.95,32345.95,32108.75,32161.65,-184.29999999999927,Bearish,D
907,2020-01-01,32237.9,32348.0,32057.2,32102.9,-135.0,Bearish,U
